spaghetti,139
spaghetti,139
spaghetti,139
spaghetti,139
spaghetti,139
spaghetti,139
spaghetti,139
spaghetti,139
spaghetti,139
spaghetti,139
spaghetti,139
spaghetti,139
spaghetti,139
spaghetti,139
spaghetti,139
spaghetti,139
spaghetti,139
spaghetti,139
spaghetti,139
spaghetti,139
spaghetti,139
spaghetti,139
spaghetti,139
spaghetti,139
spaghetti,139
spaghetti,139
spaghetti,139
spaghetti,139
spaghetti,139
spaghetti,139
spaghetti,139
spaghetti,139
spaghetti,139
spaghetti,139
spaghetti,139
spaghetti,139
spaghetti,139
spaghetti,139
spaghetti,139
spaghetti,139
spaghetti,139
spaghetti,139
spaghetti,139
spaghetti,139
spaghetti,139
spaghetti,139
spaghetti,139
spaghetti,139
spaghetti,139
spaghetti,139
spaghetti,139
spaghetti,139
spaghetti,139
spaghetti,139
soup,109
pizza,129
tacos,149
burger,109
sushi,179
steak,199
spaghetti,139
spaghetti,139
spaghetti,139
spaghetti,139
spaghetti,139
spaghetti,139
spaghetti,139
spaghetti,139
spaghetti,139
spaghetti,139
spaghetti,139
spaghetti,139
spaghetti,139
spaghetti,139
spaghetti,139
spaghetti,139
spaghetti,139
spaghetti,139
spaghetti,139
spaghetti,139
spaghetti,139
spaghetti,139
spaghetti,139
spaghetti,139
spaghetti,139
spaghetti,139
spaghetti,139
spaghetti,139
spaghetti,139
spaghetti,139
spaghetti,139
spaghetti,139
spaghetti,139
spaghetti,139
spaghetti,139
spaghetti,139
spaghetti,139
spaghetti,139
spaghetti,139
spaghetti,139
spaghetti,139
spaghetti,139
spaghetti,139
spaghetti,139
spaghetti,139
spaghetti,139
spaghetti,139
spaghetti,139
spaghetti,139
spaghetti,139
spaghetti,139
spaghetti,139
spaghetti,139
spaghetti,139
spaghetti,139
spaghetti,139
spaghetti,139
spaghetti,139
spaghetti,139
spaghetti,139
spaghetti,139
spaghetti,139
spaghetti,139
spaghetti,139
spaghetti,139
spaghetti,139
spaghetti,139
spaghetti,139
spaghetti,139
spaghetti,139
spaghetti,139
spaghetti,139
spaghetti,139
spaghetti,139
spaghetti,139
spaghetti,139
spaghetti,139
spaghetti,139
spaghetti,139
spaghetti,139
spaghetti,139
spaghetti,139
spaghetti,139
spaghetti,139
spaghetti,139
spaghetti,139
spaghetti,139
spaghetti,139
spaghetti,139
spaghetti,139
spaghetti,139
spaghetti,139
spaghetti,139
spaghetti,139
spaghetti,139
spaghetti,139
spaghetti,139
spaghetti,139
spaghetti,139
spaghetti,139
spaghetti,139
spaghetti,139
spaghetti,139
spaghetti,139
spaghetti,139
spaghetti,139
spaghetti,139
spaghetti,139
spaghetti,139
spaghetti,139
spaghetti,139
spaghetti,139
spaghetti,139
spaghetti,139
spaghetti,139
spaghetti,139
spaghetti,139
spaghetti,139
spaghetti,139
soup,109
pizza,129
tacos,149
burger,109
sushi,179
steak,199
soup,109
pizza,129
tacos,149
burger,109
sushi,179
steak,199
soup,109
pizza,129
tacos,149
burger,109
sushi,179
steak,199
soup,109
pizza,129
tacos,149
burger,109
sushi,179
steak,199
soup,109
pizza,129
tacos,149
burger,109
sushi,179
steak,199
soup,109
pizza,129
tacos,149
burger,109
sushi,179
steak,199
soup,109
pizza,129
tacos,149
burger,109
sushi,179
steak,199
soup,109
pizza,129
tacos,149
burger,109
sushi,179
steak,199
soup,109
pizza,129
tacos,149
burger,109
sushi,179
steak,199
soup,109
pizza,129
tacos,149
burger,109
sushi,179
steak,199
soup,109
pizza,129
tacos,149
burger,109
sushi,179
steak,199
soup,109
pizza,129
tacos,149
burger,109
sushi,179
steak,199
soup,109
pizza,129
tacos,149
burger,109
sushi,179
steak,199
soup,109
pizza,129
tacos,149
burger,109
sushi,179
steak,199
soup,109
pizza,129
tacos,149
burger,109
sushi,179
steak,199
soup,109
pizza,129
tacos,149
burger,109
sushi,179
steak,199
soup,109
pizza,129
tacos,149
burger,109
sushi,179
steak,199
soup,109
pizza,129
tacos,149
burger,109
sushi,179
steak,199
soup,109
pizza,129
tacos,149
burger,109
sushi,179
steak,199
soup,109
pizza,129
tacos,149
burger,109
sushi,179
steak,199
soup,109
pizza,129
steak,199
steak,199
steak,199
steak,199
steak,199
steak,199
steak,199
steak,199
steak,199
steak,199
steak,199
steak,199
steak,199
steak,199
steak,199
steak,199
steak,199
steak,199
steak,199
steak,199
steak,199
steak,199
steak,199
steak,199
steak,199
steak,199
steak,199
steak,199
steak,199
steak,199
steak,199
steak,199
steak,199
steak,199
steak,199
steak,199
steak,199
steak,199
steak,199
steak,199
steak,199
steak,199
steak,199
steak,199
steak,199
steak,199
steak,199
steak,199
steak,199
steak,199
steak,199
steak,199
steak,199
steak,199
steak,199
steak,199
steak,199
steak,199
steak,199
steak,199
steak,199
steak,199
steak,199
steak,199
steak,199
steak,199
steak,199
steak,199
steak,199
steak,199
steak,199
steak,199
steak,199
steak,199
steak,199
steak,199
steak,199
steak,199
steak,199
steak,199
steak,199
steak,199
steak,199
steak,199
steak,199
steak,199
steak,199
steak,199
steak,199
steak,199
steak,199
steak,199
steak,199
steak,199
steak,199
steak,199
steak,199
steak,199
steak,199
steak,199
steak,199
steak,199
steak,199
steak,199
steak,199
steak,199
steak,199
steak,199
steak,199
steak,199
steak,199
steak,199
steak,199
steak,199
steak,199
steak,199
steak,199
steak,199
steak,199
steak,199
steak,199
steak,199
steak,199
steak,199
steak,199
steak,199
steak,199
steak,199
steak,199
steak,199
steak,199
steak,199
steak,199
steak,199
steak,199
steak,199
steak,199
steak,199
steak,199
steak,199
steak,199
steak,199
steak,199
steak,199
steak,199
steak,199
steak,199
steak,199
steak,199
steak,199
steak,199
steak,199
steak,199
steak,199
steak,199
steak,199
steak,199
steak,199
steak,199
steak,199
steak,199
steak,199
steak,199
steak,199
steak,199
steak,199
steak,199
steak,199
steak,199
steak,199
steak,199
steak,199
steak,199
steak,199
steak,199
steak,199
steak,199
steak,199
steak,199
steak,199
steak,199
steak,199
steak,199
steak,199
steak,199
steak,199
steak,199
steak,199
steak,199
steak,199
steak,199
steak,199
steak,199
steak,199
steak,199
steak,199
steak,199
steak,199
steak,199
steak,199
steak,199
steak,199
steak,199
steak,199
steak,199
steak,199
steak,199
steak,199
steak,199
steak,199
steak,199
steak,199
steak,199
steak,199
steak,199
steak,199
steak,199
steak,199
steak,199
steak,199
steak,199
steak,199
steak,199
steak,199
steak,199
steak,199
steak,199
steak,199
steak,199
steak,199
steak,199
steak,199
steak,199
steak,199
steak,199
steak,199
steak,199
steak,199
steak,199
steak,199
steak,199
steak,199
steak,199
steak,199
steak,199
steak,199
steak,199
steak,199
steak,199
steak,199
steak,199
steak,199
steak,199
steak,199
steak,199
steak,199
steak,199
steak,199
steak,199
steak,199
steak,199
steak,199
steak,199
steak,199
steak,199
steak,199
steak,199
steak,199
steak,199
steak,199
steak,199
steak,199
steak,199
steak,199
steak,199
steak,199
steak,199
steak,199
steak,199
steak,199
steak,199
steak,199
steak,199
steak,199
steak,199
steak,199
steak,199
steak,199
steak,199
steak,199
steak,199
steak,199
steak,199
steak,199
steak,199
steak,199
steak,199
steak,199
steak,199
steak,199
steak,199
steak,199
steak,199
steak,199
steak,199
steak,199
steak,199
steak,199
steak,199
steak,199
steak,199
steak,199
steak,199
steak,199
steak,199
steak,199
steak,199
steak,199
steak,199
steak,199
steak,199
steak,199
steak,199
steak,199
steak,199
steak,199
steak,199
steak,199
steak,199
steak,199
steak,199
steak,199
steak,199
steak,199
steak,199
steak,199
steak,199
steak,199
steak,199
steak,199
steak,199
steak,199
steak,199
steak,199
steak,199
steak,199
steak,199
steak,199
steak,199
steak,199
steak,199
steak,199
steak,199
steak,199
steak,199
steak,199
steak,199
steak,199
steak,199
steak,199
steak,199
steak,199
steak,199
steak,199
steak,199
steak,199
steak,199
steak,199
steak,199
steak,199
steak,199
steak,199
steak,199
steak,199
steak,199
steak,199
steak,199
steak,199
steak,199
steak,199
steak,199
steak,199
steak,199
steak,199
steak,199
steak,199
steak,199
steak,199
steak,199
steak,199
steak,199
steak,199
steak,199
steak,199
steak,199
steak,199
steak,199
steak,199
steak,199
steak,199
steak,199
steak,199
steak,199
steak,199
steak,199
steak,199
steak,199
steak,199
steak,199
steak,199
steak,199
steak,199
steak,199
steak,199
steak,199
steak,199
steak,199
steak,199
steak,199
steak,199
steak,199
steak,199
steak,199
steak,199
steak,199
steak,199
steak,199
steak,199
steak,199
steak,199
steak,199
steak,199
steak,199
steak,199
steak,199
steak,199
steak,199
steak,199
steak,199
steak,199
steak,199
steak,199
steak,199
steak,199
steak,199
steak,199
steak,199
steak,199
steak,199
steak,199
steak,199
steak,199
steak,199
steak,199
steak,199
steak,199
steak,199
steak,199
steak,199
steak,199
steak,199
steak,199
steak,199
steak,199
steak,199
steak,199
steak,199
steak,199
steak,199
steak,199
steak,199
steak,199
steak,199
steak,199
steak,199
steak,199
steak,199
steak,199
steak,199
steak,199
steak,199
steak,199
steak,199
steak,199
steak,199
steak,199
steak,199
steak,199
steak,199
steak,199
steak,199
steak,199
steak,199
steak,199
steak,199
steak,199
steak,199
steak,199
steak,199
steak,199
steak,199
steak,199
steak,199
steak,199
steak,199
steak,199
steak,199
steak,199
steak,199
steak,199
steak,199
steak,199
steak,199
steak,199
steak,199
steak,199
steak,199
steak,199
steak,199
steak,199
steak,199
steak,199
steak,199
steak,199
steak,199
steak,199
steak,199
steak,199
steak,199
steak,199
steak,199
steak,199
steak,199
steak,199
steak,199
steak,199
steak,199
steak,199
steak,199
steak,199
steak,199
steak,199
steak,199
steak,199
steak,199
steak,199
steak,199
steak,199
steak,199
steak,199
steak,199
steak,199
steak,199
steak,199
steak,199
steak,199
steak,199
steak,199
steak,199
steak,199
steak,199
steak,199
steak,199
steak,199
steak,199
steak,199
steak,199
steak,199
steak,199
steak,199
steak,199
steak,199
steak,199
steak,199
steak,199
steak,199
steak,199
steak,199
steak,199
steak,199
steak,199
steak,199
steak,199
steak,199
steak,199
steak,199
steak,199
steak,199
steak,199
steak,199
steak,199
steak,199
steak,199
steak,199
steak,199
steak,199
steak,199
steak,199
steak,199
steak,199
steak,199
steak,199
steak,199
steak,199
steak,199
steak,199
steak,199
steak,199
steak,199
steak,199
steak,199
steak,199
steak,199
steak,199
steak,199
steak,199
steak,199
steak,199
steak,199
steak,199
steak,199
steak,199
steak,199
steak,199
steak,199
steak,199
steak,199
steak,199
steak,199
steak,199
steak,199
steak,199
steak,199
steak,199
steak,199
steak,199
steak,199
steak,199
steak,199
steak,199
steak,199
steak,199
steak,199
steak,199
steak,199
steak,199
steak,199
steak,199
steak,199
steak,199
steak,199
steak,199
steak,199
steak,199
steak,199
steak,199
steak,199
steak,199
steak,199
steak,199
steak,199
steak,199
steak,199
steak,199
steak,199
steak,199
steak,199
steak,199
steak,199
steak,199
steak,199
steak,199
steak,199
steak,199
steak,199
steak,199
steak,199
steak,199
steak,199
steak,199
steak,199
steak,199
steak,199
steak,199
steak,199
steak,199
steak,199
steak,199
steak,199
steak,199
steak,199
steak,199
steak,199
steak,199
steak,199
steak,199
steak,199
steak,199
steak,199
steak,199
steak,199
steak,199
steak,199
steak,199
steak,199
steak,199
steak,199
steak,199
steak,199
steak,199
steak,199
steak,199
steak,199
steak,199
steak,199
steak,199
steak,199
steak,199
steak,199
steak,199
steak,199
steak,199
steak,199
steak,199
steak,199
steak,199
steak,199
steak,199
steak,199
steak,199
steak,199
steak,199
steak,199
steak,199
steak,199
steak,199
steak,199
steak,199
steak,199
steak,199
steak,199
steak,199
steak,199
steak,199
steak,199
steak,199
steak,199
steak,199
steak,199
steak,199
steak,199
steak,199
steak,199
steak,199
steak,199
steak,199
steak,199
steak,199
steak,199
steak,199
steak,199
steak,199
steak,199
steak,199
steak,199
steak,199
steak,199
steak,199
steak,199
steak,199
steak,199
steak,199
steak,199
steak,199
steak,199
steak,199
steak,199
steak,199
steak,199
steak,199
steak,199
steak,199
steak,199
steak,199
steak,199
steak,199
steak,199
steak,199
steak,199
steak,199
steak,199
steak,199
steak,199
steak,199
steak,199
steak,199
steak,199
steak,199
steak,199
steak,199
steak,199
steak,199
steak,199
steak,199
steak,199
steak,199
steak,199
steak,199
steak,199
steak,199
steak,199
steak,199
steak,199
steak,199
steak,199
steak,199
steak,199
steak,199
steak,199
steak,199
steak,199
steak,199
steak,199
steak,199
steak,199
steak,199
steak,199
steak,199
steak,199
steak,199
steak,199
steak,199
steak,199
steak,199
steak,199
steak,199
steak,199
steak,199
steak,199
steak,199
steak,199
steak,199
steak,199
steak,199
steak,199
steak,199
steak,199
steak,199
steak,199
steak,199
steak,199
steak,199
steak,199
steak,199
steak,199
steak,199
steak,199
steak,199
steak,199
steak,199
steak,199
steak,199
steak,199
steak,199
steak,199
steak,199
steak,199
steak,199
steak,199
steak,199
steak,199
steak,199
steak,199
steak,199
steak,199
steak,199
steak,199
steak,199
steak,199
steak,199
steak,199
steak,199
steak,199
steak,199
steak,199
steak,199
steak,199
steak,199
steak,199
steak,199
steak,199
steak,199
steak,199
steak,199
steak,199
steak,199
steak,199
steak,199
steak,199
steak,199
steak,199
steak,199
steak,199
steak,199
steak,199
steak,199
steak,199
steak,199
steak,199
steak,199
steak,199
steak,199
steak,199
steak,199
steak,199
steak,199
steak,199
steak,199
steak,199
steak,199
steak,199
steak,199
steak,199
steak,199
steak,199
steak,199
steak,199
steak,199
steak,199
steak,199
steak,199
steak,199
steak,199
steak,199
steak,199
steak,199
steak,199
steak,199
steak,199
steak,199
steak,199
steak,199
steak,199
steak,199
steak,199
steak,199
steak,199
steak,199
steak,199
steak,199
steak,199
steak,199
steak,199
steak,199
steak,199
steak,199
steak,199
steak,199
steak,199
steak,199
steak,199
steak,199
steak,199
steak,199
steak,199
steak,199
steak,199
steak,199
steak,199
steak,199
steak,199
steak,199
steak,199
steak,199
steak,199
steak,199
steak,199
steak,199
steak,199
steak,199
steak,199
steak,199
steak,199
steak,199
steak,199
steak,199
steak,199
steak,199
steak,199
steak,199
steak,199
steak,199
steak,199
steak,199
steak,199
steak,199
steak,199
steak,199
steak,199
steak,199
steak,199
steak,199
steak,199
steak,199
steak,199
steak,199
steak,199
steak,199
steak,199
steak,199
steak,199
steak,199
steak,199
steak,199
steak,199
steak,199
steak,199
steak,199
steak,199
steak,199
steak,199
steak,199
steak,199
steak,199
steak,199
steak,199
steak,199
steak,199
steak,199
steak,199
steak,199
steak,199
steak,199
steak,199
steak,199
steak,199
steak,199
steak,199
steak,199
steak,199
steak,199
steak,199
steak,199
steak,199
steak,199
steak,199
steak,199
steak,199
steak,199
steak,199
steak,199
steak,199
steak,199
steak,199
steak,199
steak,199
steak,199
steak,199
steak,199
steak,199
steak,199
steak,199
steak,199
steak,199
steak,199
steak,199
steak,199
steak,199
steak,199
steak,199
steak,199
steak,199
steak,199
steak,199
steak,199
steak,199
steak,199
steak,199
steak,199
steak,199
steak,199
steak,199
steak,199
steak,199
steak,199
steak,199
steak,199
steak,199
steak,199
steak,199
steak,199
steak,199
steak,199
steak,199
steak,199
steak,199
steak,199
steak,199
steak,199
steak,199
steak,199
steak,199
steak,199
steak,199
steak,199
steak,199
steak,199
steak,199
steak,199
steak,199
steak,199
steak,199
steak,199
steak,199
steak,199
steak,199
steak,199
steak,199
steak,199
steak,199
steak,199
steak,199
steak,199
steak,199
steak,199
steak,199
steak,199
steak,199
steak,199
steak,199
steak,199
steak,199
steak,199
steak,199
steak,199
steak,199
steak,199
steak,199
steak,199
steak,199
steak,199
steak,199
steak,199
steak,199
steak,199
steak,199
steak,199
steak,199
steak,199
steak,199
steak,199
steak,199
steak,199
steak,199
steak,199
steak,199
steak,199
steak,199
steak,199
steak,199
steak,199
steak,199
steak,199
steak,199
steak,199
steak,199
steak,199
steak,199
steak,199
steak,199
steak,199
steak,199
steak,199
steak,199
steak,199
steak,199
steak,199
steak,199
steak,199
steak,199
steak,199
steak,199
steak,199
steak,199
steak,199
steak,199
steak,199
steak,199
steak,199
steak,199
steak,199
steak,199
steak,199
steak,199
steak,199
steak,199
steak,199
steak,199
steak,199
steak,199
steak,199
steak,199
steak,199
steak,199
steak,199
steak,199
steak,199
steak,199
steak,199
steak,199
steak,199
steak,199
steak,199
steak,199
steak,199
steak,199
steak,199
steak,199
steak,199
steak,199
steak,199
steak,199
steak,199
steak,199
steak,199
steak,199
steak,199
steak,199
steak,199
steak,199
steak,199
steak,199
steak,199
steak,199
steak,199
steak,199
steak,199
steak,199
steak,199
steak,199
steak,199
steak,199
steak,199
steak,199
steak,199
steak,199
steak,199
steak,199
steak,199
steak,199
steak,199
steak,199
steak,199
steak,199
steak,199
steak,199
steak,199
steak,199
steak,199
steak,199
steak,199
steak,199
steak,199
steak,199
steak,199
steak,199
steak,199
steak,199
steak,199
steak,199
steak,199
steak,199
steak,199
steak,199
steak,199
steak,199
steak,199
steak,199
steak,199
steak,199
steak,199
steak,199
steak,199
steak,199
steak,199
steak,199
steak,199
steak,199
steak,199
steak,199
steak,199
steak,199
steak,199
steak,199
steak,199
steak,199
steak,199
steak,199
steak,199
steak,199
steak,199
steak,199
steak,199
steak,199
steak,199
steak,199
steak,199
steak,199
steak,199
steak,199
steak,199
steak,199
steak,199
steak,199
steak,199
steak,199
steak,199
steak,199
steak,199
steak,199
steak,199
steak,199
steak,199
steak,199
steak,199
steak,199
steak,199
steak,199
steak,199
steak,199
steak,199
steak,199
steak,199
steak,199
steak,199
steak,199
steak,199
steak,199
steak,199
steak,199
steak,199
steak,199
steak,199
steak,199
steak,199
steak,199
steak,199
steak,199
steak,199
steak,199
steak,199
steak,199
steak,199
steak,199
steak,199
steak,199
steak,199
steak,199
steak,199
steak,199
steak,199
steak,199
steak,199
steak,199
steak,199
steak,199
steak,199
steak,199
steak,199
steak,199
steak,199
steak,199
steak,199
steak,199
steak,199
steak,199
steak,199
steak,199
steak,199
steak,199
steak,199
steak,199
steak,199
steak,199
steak,199
steak,199
steak,199
steak,199
steak,199
steak,199
steak,199
steak,199
steak,199
steak,199
steak,199
steak,199
steak,199
steak,199
steak,199
steak,199
steak,199
steak,199
steak,199
steak,199
steak,199
steak,199
steak,199
steak,199
steak,199
steak,199
steak,199
steak,199
steak,199
steak,199
steak,199
steak,199
steak,199
steak,199
steak,199
steak,199
steak,199
steak,199
steak,199
steak,199
steak,199
steak,199
steak,199
steak,199
steak,199
steak,199
steak,199
steak,199
steak,199
steak,199
steak,199
steak,199
steak,199
steak,199
steak,199
steak,199
steak,199
steak,199
steak,199
steak,199
steak,199
steak,199
steak,199
steak,199
steak,199
steak,199
steak,199
steak,199
steak,199
steak,199
steak,199
steak,199
steak,199
steak,199
steak,199
steak,199
steak,199
steak,199
steak,199
steak,199
steak,199
steak,199
steak,199
steak,199
steak,199
steak,199
steak,199
steak,199
steak,199
steak,199
steak,199
steak,199
steak,199
steak,199
steak,199
steak,199
steak,199
steak,199
steak,199
steak,199
steak,199
steak,199
steak,199
steak,199
steak,199
steak,199
steak,199
steak,199
steak,199
steak,199
steak,199
steak,199
steak,199
steak,199
steak,199
steak,199
steak,199
steak,199
steak,199
steak,199
steak,199
steak,199
steak,199
steak,199
steak,199
steak,199
steak,199
steak,199
steak,199
steak,199
steak,199
steak,199
steak,199
steak,199
steak,199
steak,199
steak,199
steak,199
steak,199
steak,199
steak,199
steak,199
steak,199
steak,199
steak,199
steak,199
steak,199
steak,199
steak,199
steak,199
steak,199
steak,199
steak,199
steak,199
steak,199
steak,199
steak,199
steak,199
steak,199
steak,199
steak,199
steak,199
steak,199
steak,199
steak,199
steak,199
steak,199
steak,199
steak,199
steak,199
steak,199
steak,199
steak,199
steak,199
steak,199
steak,199
steak,199
steak,199
steak,199
steak,199
steak,199
steak,199
steak,199
steak,199
steak,199
steak,199
steak,199
steak,199
steak,199
steak,199
steak,199
steak,199
steak,199
steak,199
steak,199
steak,199
steak,199
steak,199
steak,199
steak,199
steak,199
steak,199
steak,199
steak,199
steak,199
steak,199
steak,199
steak,199
steak,199
steak,199
steak,199
steak,199
steak,199
steak,199
steak,199
steak,199
steak,199
steak,199
steak,199
steak,199
steak,199
steak,199
steak,199
steak,199
steak,199
steak,199
steak,199
steak,199
steak,199
steak,199
steak,199
steak,199
steak,199
steak,199
steak,199
steak,199
steak,199
steak,199
steak,199
steak,199
steak,199
steak,199
steak,199
steak,199
steak,199
steak,199
steak,199
steak,199
steak,199
steak,199
steak,199
steak,199
steak,199
steak,199
steak,199
steak,199
steak,199
steak,199
steak,199
steak,199
steak,199
steak,199
steak,199
steak,199
steak,199
steak,199
steak,199
steak,199
steak,199
steak,199
steak,199
steak,199
steak,199
steak,199
steak,199
steak,199
steak,199
steak,199
steak,199
steak,199
steak,199
steak,199
steak,199
steak,199
steak,199
steak,199
steak,199
steak,199
steak,199
steak,199
steak,199
steak,199
steak,199
steak,199
steak,199
steak,199
steak,199
steak,199
steak,199
steak,199
steak,199
steak,199
steak,199
steak,199
steak,199
steak,199
steak,199
steak,199
steak,199
steak,199
steak,199
steak,199
steak,199
steak,199
steak,199
steak,199
steak,199
steak,199
steak,199
steak,199
steak,199
steak,199
steak,199
steak,199
steak,199
steak,199
steak,199
steak,199
steak,199
steak,199
steak,199
steak,199
steak,199
steak,199
steak,199
steak,199
steak,199
steak,199
steak,199
steak,199
steak,199
steak,199
steak,199
steak,199
steak,199
steak,199
steak,199
steak,199
steak,199
steak,199
steak,199
steak,199
steak,199
steak,199
steak,199
steak,199
steak,199
steak,199
steak,199
steak,199
steak,199
steak,199
steak,199
steak,199
steak,199
steak,199
steak,199
steak,199
steak,199
steak,199
steak,199
steak,199
steak,199
steak,199
steak,199
steak,199
steak,199
steak,199
steak,199
steak,199
steak,199
steak,199
steak,199
steak,199
steak,199
steak,199
steak,199
steak,199
steak,199
steak,199
steak,199
steak,199
steak,199
steak,199
steak,199
steak,199
steak,199
steak,199
steak,199
steak,199
steak,199
steak,199
steak,199
steak,199
steak,199
steak,199
steak,199
steak,199
steak,199
steak,199
steak,199
steak,199
steak,199
steak,199
steak,199
steak,199
steak,199
steak,199
steak,199
steak,199
steak,199
steak,199
steak,199
steak,199
steak,199
steak,199
steak,199
steak,199
steak,199
steak,199
steak,199
steak,199
steak,199
steak,199
steak,199
steak,199
steak,199
steak,199
steak,199
steak,199
steak,199
steak,199
steak,199
steak,199
steak,199
steak,199
steak,199
steak,199
steak,199
steak,199
steak,199
steak,199
steak,199
steak,199
steak,199
steak,199
steak,199
steak,199
steak,199
steak,199
steak,199
steak,199
steak,199
steak,199
steak,199
steak,199
steak,199
steak,199
steak,199
steak,199
steak,199
steak,199
steak,199
steak,199
steak,199
steak,199
steak,199
steak,199
steak,199
steak,199
steak,199
steak,199
steak,199
steak,199
steak,199
steak,199
steak,199
steak,199
steak,199
steak,199
steak,199
steak,199
steak,199
steak,199
steak,199
steak,199
steak,199
steak,199
steak,199
steak,199
steak,199
steak,199
steak,199
steak,199
steak,199
steak,199
steak,199
steak,199
steak,199
steak,199
steak,199
steak,199
steak,199
steak,199
steak,199
steak,199
steak,199
steak,199
steak,199
steak,199
steak,199
steak,199
steak,199
steak,199
steak,199
steak,199
steak,199
steak,199
steak,199
steak,199
steak,199
steak,199
steak,199
steak,199
steak,199
steak,199
steak,199
steak,199
steak,199
steak,199
steak,199
steak,199
steak,199
steak,199
steak,199
steak,199
steak,199
steak,199
steak,199
steak,199
steak,199
steak,199
steak,199
steak,199
steak,199
steak,199
steak,199
steak,199
steak,199
steak,199
steak,199
steak,199
steak,199
steak,199
steak,199
steak,199
steak,199
steak,199
steak,199
steak,199
steak,199
steak,199
steak,199
steak,199
steak,199
steak,199
steak,199
steak,199
steak,199
steak,199
steak,199
steak,199
steak,199
steak,199
steak,199
steak,199
steak,199
steak,199
steak,199
steak,199
steak,199
steak,199
steak,199
steak,199
steak,199
steak,199
steak,199
steak,199
steak,199
steak,199
steak,199
steak,199
steak,199
steak,199
steak,199
steak,199
steak,199
steak,199
steak,199
steak,199
steak,199
steak,199
steak,199
steak,199
steak,199
steak,199
steak,199
steak,199
steak,199
steak,199
steak,199
steak,199
steak,199
steak,199
steak,199
steak,199
steak,199
steak,199
steak,199
steak,199
steak,199
steak,199
steak,199
steak,199
steak,199
steak,199
steak,199
steak,199
steak,199
steak,199
steak,199
steak,199
steak,199
steak,199
steak,199
steak,199
steak,199
steak,199
steak,199
steak,199
steak,199
steak,199
steak,199
steak,199
steak,199
steak,199
steak,199
steak,199
steak,199
steak,199
steak,199
steak,199
steak,199
steak,199
steak,199
steak,199
steak,199
steak,199
steak,199
steak,199
steak,199
steak,199
steak,199
steak,199
steak,199
steak,199
steak,199
steak,199
steak,199
steak,199
steak,199
steak,199
steak,199
steak,199
steak,199
steak,199
steak,199
steak,199
steak,199
steak,199
steak,199
steak,199
steak,199
steak,199
steak,199
steak,199
steak,199
steak,199
steak,199
steak,199
steak,199
steak,199
steak,199
steak,199
steak,199
steak,199
steak,199
steak,199
steak,199
steak,199
steak,199
steak,199
steak,199
steak,199
steak,199
steak,199
steak,199
steak,199
steak,199
steak,199
steak,199
steak,199
steak,199
steak,199
steak,199
steak,199
steak,199
steak,199
steak,199
steak,199
steak,199
steak,199
steak,199
steak,199
steak,199
steak,199
steak,199
steak,199
steak,199
steak,199
steak,199
steak,199
steak,199
steak,199
steak,199
steak,199
steak,199
steak,199
steak,199
steak,199
steak,199
steak,199
steak,199
steak,199
steak,199
steak,199
steak,199
steak,199
steak,199
steak,199
steak,199
steak,199
steak,199
steak,199
steak,199
steak,199
steak,199
steak,199
steak,199
steak,199
steak,199
steak,199
steak,199
steak,199
steak,199
steak,199
steak,199
steak,199
steak,199
steak,199
steak,199
steak,199
steak,199
steak,199
steak,199
steak,199
steak,199
steak,199
steak,199
steak,199
steak,199
steak,199
steak,199
steak,199
steak,199
steak,199
steak,199
steak,199
steak,199
steak,199
steak,199
steak,199
steak,199
steak,199
steak,199
steak,199
steak,199
steak,199
steak,199
steak,199
steak,199
steak,199
steak,199
steak,199
steak,199
steak,199
steak,199
steak,199
steak,199
steak,199
steak,199
steak,199
steak,199
steak,199
steak,199
steak,199
steak,199
steak,199
steak,199
steak,199
steak,199
steak,199
steak,199
steak,199
steak,199
steak,199
steak,199
steak,199
steak,199
steak,199
steak,199
steak,199
steak,199
steak,199
steak,199
steak,199
steak,199
steak,199
steak,199
steak,199
steak,199
steak,199
steak,199
steak,199
steak,199
steak,199
steak,199
steak,199
steak,199
steak,199
steak,199
steak,199
steak,199
steak,199
steak,199
steak,199
steak,199
steak,199
steak,199
steak,199
steak,199
steak,199
steak,199
steak,199
steak,199
steak,199
steak,199
steak,199
steak,199
steak,199
steak,199
steak,199
steak,199
steak,199
steak,199
steak,199
steak,199
steak,199
steak,199
steak,199
steak,199
steak,199
steak,199
steak,199
steak,199
steak,199
steak,199
steak,199
steak,199
steak,199
steak,199
steak,199
steak,199
steak,199
steak,199
steak,199
steak,199
steak,199
steak,199
steak,199
steak,199
steak,199
steak,199
steak,199
steak,199
steak,199
steak,199
steak,199
steak,199
steak,199
steak,199
steak,199
steak,199
steak,199
steak,199
steak,199
steak,199
steak,199
steak,199
steak,199
steak,199
steak,199
steak,199
steak,199
steak,199
steak,199
steak,199
steak,199
steak,199
steak,199
steak,199
steak,199
steak,199
steak,199
steak,199
steak,199
steak,199
steak,199
steak,199
steak,199
steak,199
steak,199
steak,199
steak,199
steak,199
steak,199
steak,199
steak,199
steak,199
steak,199
steak,199
steak,199
steak,199
steak,199
steak,199
steak,199
steak,199
steak,199
steak,199
steak,199
steak,199
steak,199
steak,199
steak,199
steak,199
steak,199
steak,199
steak,199
steak,199
steak,199
steak,199
steak,199
steak,199
steak,199
steak,199
steak,199
steak,199
steak,199
steak,199
steak,199
steak,199
steak,199
steak,199
steak,199
steak,199
steak,199
steak,199
steak,199
steak,199
steak,199
steak,199
steak,199
steak,199
steak,199
steak,199
steak,199
steak,199
steak,199
steak,199
steak,199
steak,199
steak,199
steak,199
steak,199
steak,199
steak,199
steak,199
steak,199
steak,199
steak,199
steak,199
steak,199
steak,199
steak,199
steak,199
steak,199
steak,199
steak,199
steak,199
steak,199
steak,199
steak,199
steak,199
steak,199
steak,199
steak,199
steak,199
steak,199
steak,199
steak,199
steak,199
steak,199
steak,199
steak,199
steak,199
steak,199
steak,199
steak,199
steak,199
steak,199
steak,199
steak,199
steak,199
steak,199
steak,199
steak,199
steak,199
steak,199
steak,199
steak,199
steak,199
steak,199
steak,199
steak,199
steak,199
steak,199
steak,199
steak,199
steak,199
steak,199
steak,199
steak,199
steak,199
steak,199
steak,199
steak,199
steak,199
steak,199
steak,199
steak,199
steak,199
steak,199
steak,199
steak,199
steak,199
steak,199
steak,199
steak,199
steak,199
steak,199
steak,199
steak,199
steak,199
steak,199
steak,199
steak,199
steak,199
steak,199
steak,199
steak,199
steak,199
steak,199
steak,199
steak,199
steak,199
steak,199
steak,199
steak,199
steak,199
steak,199
steak,199
steak,199
steak,199
steak,199
steak,199
steak,199
steak,199
steak,199
steak,199
steak,199
steak,199
steak,199
steak,199
steak,199
steak,199
steak,199
steak,199
steak,199
steak,199
steak,199
steak,199
steak,199
steak,199
steak,199
steak,199
steak,199
steak,199
steak,199
steak,199
steak,199
steak,199
steak,199
steak,199
steak,199
steak,199
steak,199
steak,199
steak,199
steak,199
steak,199
steak,199
steak,199
steak,199
steak,199
steak,199
steak,199
steak,199
steak,199
steak,199
steak,199
steak,199
steak,199
steak,199
steak,199
steak,199
steak,199
steak,199
steak,199
steak,199
steak,199
steak,199
steak,199
steak,199
steak,199
steak,199
steak,199
steak,199
steak,199
steak,199
steak,199
steak,199
steak,199
steak,199
steak,199
steak,199
steak,199
steak,199
steak,199
steak,199
steak,199
steak,199
steak,199
steak,199
steak,199
steak,199
steak,199
steak,199
steak,199
steak,199
steak,199
steak,199
steak,199
steak,199
steak,199
steak,199
steak,199
steak,199
steak,199
steak,199
steak,199
steak,199
steak,199
steak,199
steak,199
steak,199
steak,199
steak,199
steak,199
steak,199
steak,199
steak,199
steak,199
steak,199
steak,199
steak,199
steak,199
steak,199
steak,199
steak,199
steak,199
steak,199
steak,199
steak,199
steak,199
steak,199
steak,199
steak,199
steak,199
steak,199
steak,199
steak,199
steak,199
steak,199
steak,199
steak,199
steak,199
steak,199
steak,199
steak,199
steak,199
steak,199
steak,199
steak,199
steak,199
steak,199
steak,199
steak,199
steak,199
steak,199
steak,199
steak,199
steak,199
steak,199
steak,199
steak,199
steak,199
steak,199
steak,199
steak,199
steak,199
steak,199
steak,199
steak,199
steak,199
steak,199
steak,199
steak,199
steak,199
steak,199
steak,199
steak,199
steak,199
steak,199
steak,199
steak,199
steak,199
steak,199
steak,199
steak,199
steak,199
steak,199
steak,199
steak,199
steak,199
steak,199
steak,199
steak,199
steak,199
steak,199
steak,199
steak,199
steak,199
steak,199
steak,199
steak,199
steak,199
steak,199
steak,199
steak,199
steak,199
steak,199
steak,199
steak,199
steak,199
steak,199
steak,199
steak,199
steak,199
steak,199
steak,199
steak,199
steak,199
steak,199
steak,199
steak,199
steak,199
steak,199
steak,199
steak,199
steak,199
steak,199
steak,199
steak,199
steak,199
steak,199
steak,199
steak,199
steak,199
steak,199
steak,199
steak,199
steak,199
steak,199
steak,199
steak,199
steak,199
steak,199
steak,199
steak,199
steak,199
steak,199
steak,199
steak,199
steak,199
steak,199
steak,199
steak,199
steak,199
steak,199
steak,199
steak,199
steak,199
steak,199
steak,199
steak,199
steak,199
steak,199
steak,199
steak,199
steak,199
steak,199
steak,199
steak,199
steak,199
steak,199
steak,199
steak,199
steak,199
steak,199
steak,199
steak,199
steak,199
steak,199
steak,199
steak,199
steak,199
steak,199
steak,199
steak,199
steak,199
steak,199
steak,199
steak,199
steak,199
steak,199
steak,199
steak,199
steak,199
steak,199
steak,199
steak,199
steak,199
steak,199
steak,199
steak,199
steak,199
steak,199
steak,199
steak,199
steak,199
steak,199
steak,199
steak,199
steak,199
steak,199
steak,199
steak,199
steak,199
steak,199
steak,199
steak,199
steak,199
steak,199
steak,199
steak,199
steak,199
steak,199
steak,199
steak,199
steak,199
steak,199
steak,199
steak,199
steak,199
steak,199
steak,199
steak,199
steak,199
steak,199
steak,199
steak,199
steak,199
steak,199
steak,199
steak,199
steak,199
steak,199
steak,199
steak,199
steak,199
steak,199
steak,199
steak,199
steak,199
steak,199
steak,199
steak,199
steak,199
steak,199
steak,199
steak,199
steak,199
steak,199
steak,199
steak,199
steak,199
steak,199
steak,199
steak,199
steak,199
steak,199
steak,199
steak,199
steak,199
steak,199
steak,199
steak,199
steak,199
steak,199
steak,199
steak,199
steak,199
steak,199
steak,199
steak,199
steak,199
steak,199
steak,199
steak,199
steak,199
steak,199
steak,199
steak,199
steak,199
steak,199
steak,199
steak,199
steak,199
steak,199
steak,199
steak,199
steak,199
steak,199
steak,199
steak,199
steak,199
steak,199
steak,199
steak,199
steak,199
steak,199
steak,199
steak,199
steak,199
steak,199
steak,199
steak,199
steak,199
steak,199
steak,199
steak,199
steak,199
steak,199
steak,199
steak,199
steak,199
steak,199
steak,199
steak,199
steak,199
steak,199
steak,199
steak,199
steak,199
steak,199
steak,199
steak,199
steak,199
steak,199
steak,199
steak,199
steak,199
steak,199
steak,199
steak,199
steak,199
steak,199
steak,199
steak,199
steak,199
steak,199
steak,199
steak,199
steak,199
steak,199
steak,199
steak,199
steak,199
steak,199
steak,199
steak,199
steak,199
steak,199
steak,199
steak,199
steak,199
steak,199
steak,199
steak,199
steak,199
steak,199
steak,199
steak,199
steak,199
steak,199
steak,199
steak,199
steak,199
steak,199
steak,199
steak,199
steak,199
steak,199
steak,199
steak,199
steak,199
steak,199
steak,199
steak,199
steak,199
steak,199
steak,199
steak,199
steak,199
steak,199
steak,199
steak,199
steak,199
steak,199
steak,199
steak,199
steak,199
steak,199
steak,199
steak,199
steak,199
steak,199
steak,199
steak,199
steak,199
steak,199
steak,199
steak,199
steak,199
steak,199
steak,199
steak,199
steak,199
steak,199
steak,199
steak,199
steak,199
steak,199
steak,199
steak,199
steak,199
steak,199
steak,199
steak,199
steak,199
steak,199
steak,199
steak,199
steak,199
steak,199
steak,199
steak,199
steak,199
steak,199
steak,199
steak,199
steak,199
steak,199
steak,199
steak,199
steak,199
steak,199
steak,199
steak,199
steak,199
steak,199
steak,199
steak,199
steak,199
steak,199
steak,199
steak,199
steak,199
steak,199
steak,199
steak,199
steak,199
steak,199
steak,199
steak,199
steak,199
steak,199
steak,199
steak,199
steak,199
steak,199
steak,199
steak,199
steak,199
steak,199
steak,199
steak,199
steak,199
steak,199
steak,199
steak,199
steak,199
steak,199
steak,199
steak,199
steak,199
steak,199
steak,199
steak,199
steak,199
steak,199
steak,199
steak,199
steak,199
steak,199
steak,199
steak,199
steak,199
steak,199
steak,199
steak,199
steak,199
steak,199
steak,199
steak,199
steak,199
steak,199
steak,199
steak,199
steak,199
steak,199
steak,199
steak,199
steak,199
steak,199
steak,199
steak,199
steak,199
steak,199
steak,199
steak,199
steak,199
steak,199
steak,199
steak,199
steak,199
steak,199
steak,199
steak,199
steak,199
steak,199
steak,199
steak,199
steak,199
steak,199
steak,199
steak,199
steak,199
steak,199
steak,199
steak,199
steak,199
steak,199
steak,199
steak,199
steak,199
steak,199
steak,199
steak,199
steak,199
steak,199
steak,199
steak,199
steak,199
steak,199
steak,199
steak,199
steak,199
steak,199
steak,199
steak,199
steak,199
steak,199
steak,199
steak,199
steak,199
steak,199
steak,199
steak,199
steak,199
steak,199
steak,199
steak,199
steak,199
steak,199
steak,199
steak,199
steak,199
steak,199
steak,199
steak,199
steak,199
steak,199
steak,199
steak,199
steak,199
steak,199
steak,199
steak,199
steak,199
steak,199
steak,199
steak,199
steak,199
steak,199
steak,199
steak,199
steak,199
steak,199
steak,199
steak,199
steak,199
steak,199
steak,199
steak,199
steak,199
steak,199
steak,199
steak,199
steak,199
steak,199
steak,199
steak,199
steak,199
steak,199
steak,199
steak,199
steak,199
steak,199
steak,199
steak,199
steak,199
steak,199
steak,199
steak,199
steak,199
steak,199
steak,199
steak,199
steak,199
steak,199
steak,199
steak,199
steak,199
steak,199
steak,199
steak,199
steak,199
steak,199
steak,199
steak,199
steak,199
steak,199
steak,199
steak,199
steak,199
steak,199
steak,199
steak,199
steak,199
steak,199
steak,199
steak,199
steak,199
steak,199
steak,199
steak,199
steak,199
steak,199
steak,199
steak,199
steak,199
steak,199
steak,199
steak,199
steak,199
steak,199
steak,199
steak,199
steak,199
steak,199
steak,199
steak,199
steak,199
steak,199
steak,199
steak,199
steak,199
steak,199
steak,199
steak,199
steak,199
steak,199
steak,199
steak,199
steak,199
steak,199
steak,199
steak,199
steak,199
steak,199
steak,199
steak,199
steak,199
steak,199
steak,199
steak,199
steak,199
steak,199
steak,199
steak,199
steak,199
steak,199
steak,199
steak,199
steak,199
steak,199
steak,199
steak,199
steak,199
steak,199
steak,199
steak,199
steak,199
steak,199
steak,199
steak,199
steak,199
steak,199
steak,199
steak,199
steak,199
steak,199
steak,199
steak,199
steak,199
steak,199
steak,199
steak,199
steak,199
steak,199
steak,199
steak,199
steak,199
steak,199
steak,199
steak,199
steak,199
steak,199
steak,199
steak,199
steak,199
steak,199
steak,199
steak,199
steak,199
steak,199
steak,199
steak,199
steak,199
steak,199
steak,199
steak,199
steak,199
steak,199
steak,199
steak,199
steak,199
steak,199
steak,199
steak,199
steak,199
steak,199
steak,199
steak,199
steak,199
steak,199
steak,199
steak,199
steak,199
steak,199
steak,199
steak,199
steak,199
steak,199
steak,199
steak,199
steak,199
steak,199
steak,199
steak,199
steak,199
steak,199
steak,199
steak,199
steak,199
steak,199
steak,199
steak,199
steak,199
steak,199
steak,199
steak,199
steak,199
steak,199
steak,199
steak,199
steak,199
steak,199
steak,199
steak,199
steak,199
steak,199
steak,199
steak,199
steak,199
steak,199
steak,199
steak,199
steak,199
steak,199
steak,199
steak,199
steak,199
steak,199
steak,199
steak,199
steak,199
steak,199
steak,199
steak,199
steak,199
steak,199
steak,199
steak,199
steak,199
steak,199
steak,199
steak,199
steak,199
steak,199
steak,199
steak,199
steak,199
steak,199
steak,199
steak,199
steak,199
steak,199
steak,199
steak,199
steak,199
steak,199
steak,199
steak,199
steak,199
steak,199
steak,199
steak,199
steak,199
steak,199
steak,199
steak,199
steak,199
steak,199
steak,199
steak,199
steak,199
steak,199
steak,199
steak,199
steak,199
steak,199
steak,199
steak,199
steak,199
steak,199
steak,199
steak,199
steak,199
steak,199
steak,199
steak,199
steak,199
steak,199
steak,199
steak,199
steak,199
steak,199
steak,199
steak,199
steak,199
steak,199
steak,199
steak,199
steak,199
steak,199
steak,199
steak,199
steak,199
steak,199
steak,199
steak,199
steak,199
steak,199
steak,199
steak,199
steak,199
steak,199
steak,199
steak,199
steak,199
steak,199
steak,199
steak,199
steak,199
steak,199
steak,199
steak,199
steak,199
steak,199
steak,199
steak,199
steak,199
steak,199
steak,199
steak,199
steak,199
steak,199
steak,199
steak,199
steak,199
steak,199
steak,199
steak,199
steak,199
steak,199
steak,199
steak,199
steak,199
steak,199
steak,199
steak,199
steak,199
steak,199
steak,199
steak,199
steak,199
steak,199
steak,199
steak,199
steak,199
steak,199
steak,199
steak,199
steak,199
steak,199
steak,199
steak,199
steak,199
steak,199
steak,199
steak,199
steak,199
steak,199
steak,199
steak,199
steak,199
steak,199
steak,199
steak,199
steak,199
steak,199
steak,199
steak,199
steak,199
steak,199
steak,199
steak,199
steak,199
steak,199
steak,199
steak,199
steak,199
steak,199
steak,199
steak,199
steak,199
steak,199
steak,199
steak,199
steak,199
steak,199
steak,199
steak,199
steak,199
steak,199
steak,199
steak,199
steak,199
steak,199
steak,199
steak,199
steak,199
steak,199
steak,199
steak,199
steak,199
steak,199
steak,199
steak,199
steak,199
steak,199
steak,199
steak,199
steak,199
steak,199
steak,199
steak,199
steak,199
steak,199
steak,199
steak,199
steak,199
steak,199
steak,199
steak,199
steak,199
steak,199
steak,199
steak,199
steak,199
steak,199
steak,199
steak,199
steak,199
steak,199
steak,199
steak,199
steak,199
steak,199
steak,199
steak,199
steak,199
steak,199
steak,199
steak,199
steak,199
steak,199
steak,199
steak,199
steak,199
steak,199
steak,199
steak,199
steak,199
steak,199
steak,199
steak,199
steak,199
steak,199
steak,199
steak,199
steak,199
steak,199
steak,199
steak,199
steak,199
steak,199
steak,199
steak,199
steak,199
steak,199
steak,199
steak,199
steak,199
steak,199
steak,199
steak,199
steak,199
steak,199
steak,199
steak,199
steak,199
steak,199
steak,199
steak,199
steak,199
steak,199
steak,199
steak,199
steak,199
steak,199
steak,199
steak,199
steak,199
steak,199
steak,199
steak,199
steak,199
steak,199
steak,199
steak,199
steak,199
steak,199
steak,199
steak,199
steak,199
steak,199
steak,199
steak,199
steak,199
steak,199
steak,199
steak,199
steak,199
steak,199
steak,199
steak,199
steak,199
steak,199
steak,199
steak,199
steak,199
steak,199
steak,199
steak,199
steak,199
steak,199
steak,199
steak,199
steak,199
steak,199
steak,199
steak,199
steak,199
steak,199
steak,199
steak,199
steak,199
steak,199
steak,199
steak,199
steak,199
steak,199
steak,199
steak,199
steak,199
steak,199
steak,199
steak,199
steak,199
steak,199
steak,199
steak,199
steak,199
steak,199
steak,199
steak,199
steak,199
steak,199
steak,199
steak,199
steak,199
steak,199
steak,199
steak,199
steak,199
steak,199
steak,199
steak,199
steak,199
steak,199
steak,199
steak,199
steak,199
steak,199
steak,199
steak,199
steak,199
steak,199
steak,199
steak,199
steak,199
steak,199
steak,199
steak,199
steak,199
steak,199
steak,199
steak,199
steak,199
steak,199
steak,199
steak,199
steak,199
steak,199
steak,199
steak,199
steak,199
steak,199
steak,199
steak,199
steak,199
steak,199
steak,199
steak,199
steak,199
steak,199
steak,199
steak,199
steak,199
steak,199
steak,199
steak,199
steak,199
steak,199
steak,199
steak,199
steak,199
steak,199
steak,199
steak,199
steak,199
steak,199
steak,199
steak,199
steak,199
steak,199
steak,199
steak,199
steak,199
steak,199
steak,199
steak,199
steak,199
steak,199
steak,199
steak,199
steak,199
steak,199
steak,199
steak,199
steak,199
steak,199
steak,199
steak,199
steak,199
steak,199
steak,199
steak,199
steak,199
steak,199
steak,199
steak,199
steak,199
steak,199
steak,199
steak,199
steak,199
steak,199
steak,199
steak,199
steak,199
steak,199
steak,199
steak,199
steak,199
steak,199
steak,199
steak,199
steak,199
steak,199
steak,199
steak,199
steak,199
steak,199
steak,199
steak,199
steak,199
steak,199
steak,199
steak,199
steak,199
steak,199
steak,199
steak,199
steak,199
steak,199
steak,199
steak,199
steak,199
steak,199
steak,199
steak,199
steak,199
steak,199
steak,199
steak,199
steak,199
steak,199
steak,199
steak,199
steak,199
steak,199
steak,199
steak,199
steak,199
steak,199
steak,199
steak,199
steak,199
steak,199
steak,199
steak,199
steak,199
steak,199
steak,199
steak,199
steak,199
steak,199
steak,199
steak,199
steak,199
steak,199
steak,199
steak,199
steak,199
steak,199
steak,199
steak,199
steak,199
steak,199
steak,199
steak,199
steak,199
steak,199
steak,199
steak,199
steak,199
steak,199
steak,199
steak,199
steak,199
steak,199
steak,199
steak,199
steak,199
steak,199
steak,199
steak,199
steak,199
steak,199
steak,199
steak,199
steak,199
steak,199
steak,199
steak,199
steak,199
steak,199
steak,199
steak,199
steak,199
steak,199
steak,199
steak,199
steak,199
steak,199
steak,199
steak,199
steak,199
steak,199
steak,199
steak,199
steak,199
steak,199
steak,199
steak,199
steak,199
steak,199
steak,199
steak,199
steak,199
steak,199
steak,199
steak,199
steak,199
steak,199
steak,199
steak,199
steak,199
steak,199
steak,199
steak,199
steak,199
steak,199
steak,199
steak,199
steak,199
steak,199
steak,199
steak,199
steak,199
steak,199
steak,199
steak,199
steak,199
steak,199
steak,199
steak,199
steak,199
steak,199
steak,199
steak,199
steak,199
steak,199
steak,199
steak,199
steak,199
steak,199
steak,199
steak,199
steak,199
steak,199
steak,199
steak,199
steak,199
steak,199
steak,199
steak,199
steak,199
steak,199
steak,199
steak,199
steak,199
steak,199
steak,199
steak,199
steak,199
steak,199
steak,199
steak,199
steak,199
steak,199
steak,199
steak,199
steak,199
steak,199
steak,199
steak,199
steak,199
steak,199
steak,199
steak,199
steak,199
steak,199
steak,199
steak,199
steak,199
steak,199
steak,199
steak,199
steak,199
steak,199
steak,199
steak,199
steak,199
steak,199
steak,199
steak,199
steak,199
steak,199
steak,199
steak,199
steak,199
steak,199
steak,199
steak,199
steak,199
steak,199
steak,199
steak,199
steak,199
steak,199
steak,199
steak,199
steak,199
steak,199
steak,199
steak,199
steak,199
steak,199
steak,199
steak,199
steak,199
steak,199
steak,199
steak,199
steak,199
steak,199
steak,199
steak,199
steak,199
steak,199
steak,199
steak,199
steak,199
steak,199
steak,199
steak,199
steak,199
steak,199
steak,199
steak,199
steak,199
steak,199
steak,199
steak,199
steak,199
steak,199
steak,199
steak,199
steak,199
steak,199
steak,199
steak,199
steak,199
steak,199
steak,199
steak,199
steak,199
steak,199
steak,199
steak,199
steak,199
steak,199
steak,199
steak,199
steak,199
steak,199
steak,199
steak,199
steak,199
steak,199
steak,199
steak,199
steak,199
steak,199
steak,199
steak,199
steak,199
steak,199
steak,199
steak,199
steak,199
steak,199
steak,199
steak,199
steak,199
steak,199
steak,199
steak,199
steak,199
steak,199
steak,199
steak,199
steak,199
steak,199
steak,199
steak,199
steak,199
steak,199
steak,199
steak,199
steak,199
steak,199
steak,199
steak,199
steak,199
steak,199
steak,199
steak,199
steak,199
steak,199
steak,199
steak,199
steak,199
steak,199
steak,199
steak,199
steak,199
steak,199
steak,199
steak,199
steak,199
steak,199
steak,199
steak,199
steak,199
steak,199
steak,199
steak,199
steak,199
steak,199
steak,199
steak,199
steak,199
steak,199
steak,199
steak,199
steak,199
steak,199
steak,199
steak,199
steak,199
steak,199
steak,199
steak,199
steak,199
steak,199
steak,199
steak,199
steak,199
steak,199
steak,199
steak,199
steak,199
steak,199
steak,199
steak,199
steak,199
steak,199
steak,199
steak,199
steak,199
steak,199
steak,199
steak,199
steak,199
steak,199
steak,199
steak,199
steak,199
steak,199
steak,199
steak,199
steak,199
steak,199
steak,199
steak,199
steak,199
steak,199
steak,199
steak,199
steak,199
steak,199
steak,199
steak,199
steak,199
steak,199
steak,199
steak,199
steak,199
steak,199
steak,199
steak,199
steak,199
steak,199
steak,199
steak,199
steak,199
steak,199
steak,199
steak,199
steak,199
steak,199
steak,199
steak,199
steak,199
steak,199
steak,199
steak,199
steak,199
steak,199
steak,199
steak,199
steak,199
steak,199
steak,199
steak,199
steak,199
steak,199
steak,199
steak,199
steak,199
steak,199
steak,199
steak,199
steak,199
steak,199
steak,199
steak,199
steak,199
steak,199
steak,199
steak,199
steak,199
steak,199
steak,199
steak,199
steak,199
steak,199
steak,199
steak,199
steak,199
steak,199
steak,199
steak,199
steak,199
steak,199
steak,199
steak,199
steak,199
steak,199
steak,199
steak,199
steak,199
steak,199
steak,199
steak,199
steak,199
steak,199
steak,199
steak,199
steak,199
steak,199
steak,199
steak,199
steak,199
steak,199
steak,199
steak,199
steak,199
steak,199
steak,199
steak,199
steak,199
steak,199
steak,199
steak,199
steak,199
steak,199
steak,199
steak,199
steak,199
steak,199
steak,199
steak,199
steak,199
steak,199
steak,199
steak,199
steak,199
steak,199
steak,199
steak,199
steak,199
steak,199
steak,199
steak,199
steak,199
steak,199
steak,199
steak,199
steak,199
steak,199
steak,199
steak,199
steak,199
steak,199
steak,199
steak,199
steak,199
steak,199
steak,199
steak,199
steak,199
steak,199
steak,199
steak,199
steak,199
steak,199
steak,199
steak,199
steak,199
steak,199
steak,199
steak,199
steak,199
steak,199
steak,199
steak,199
steak,199
steak,199
steak,199
steak,199
steak,199
steak,199
steak,199
steak,199
steak,199
steak,199
steak,199
steak,199
steak,199
steak,199
steak,199
steak,199
steak,199
steak,199
steak,199
steak,199
steak,199
steak,199
steak,199
steak,199
steak,199
steak,199
steak,199
steak,199
steak,199
steak,199
steak,199
steak,199
steak,199
steak,199
steak,199
steak,199
steak,199
steak,199
steak,199
steak,199
steak,199
steak,199
steak,199
steak,199
steak,199
steak,199
steak,199
steak,199
steak,199
steak,199
steak,199
steak,199
steak,199
steak,199
steak,199
steak,199
steak,199
steak,199
steak,199
steak,199
steak,199
steak,199
steak,199
steak,199
steak,199
steak,199
steak,199
steak,199
steak,199
steak,199
steak,199
steak,199
steak,199
steak,199
steak,199
steak,199
steak,199
steak,199
steak,199
steak,199
steak,199
steak,199
steak,199
steak,199
steak,199
steak,199
steak,199
steak,199
steak,199
steak,199
steak,199
steak,199
steak,199
steak,199
steak,199
steak,199
steak,199
steak,199
steak,199
steak,199
steak,199
steak,199
steak,199
steak,199
steak,199
steak,199
steak,199
steak,199
steak,199
steak,199
steak,199
steak,199
steak,199
steak,199
steak,199
steak,199
steak,199
steak,199
steak,199
steak,199
steak,199
steak,199
steak,199
steak,199
steak,199
steak,199
steak,199
steak,199
steak,199
steak,199
steak,199
steak,199
steak,199
steak,199
steak,199
steak,199
steak,199
steak,199
steak,199
steak,199
steak,199
steak,199
steak,199
steak,199
steak,199
steak,199
steak,199
steak,199
steak,199
steak,199
steak,199
steak,199
steak,199
steak,199
steak,199
steak,199
steak,199
steak,199
steak,199
steak,199
steak,199
steak,199
steak,199
steak,199
steak,199
steak,199
steak,199
steak,199
steak,199
steak,199
steak,199
steak,199
steak,199
steak,199
steak,199
steak,199
steak,199
steak,199
steak,199
steak,199
steak,199
steak,199
steak,199
steak,199
steak,199
steak,199
steak,199
steak,199
steak,199
steak,199
steak,199
steak,199
steak,199
steak,199
steak,199
steak,199
steak,199
steak,199
steak,199
steak,199
steak,199
steak,199
steak,199
steak,199
steak,199
steak,199
steak,199
steak,199
steak,199
steak,199
steak,199
steak,199
steak,199
steak,199
steak,199
steak,199
steak,199
steak,199
steak,199
steak,199
steak,199
steak,199
steak,199
steak,199
steak,199
steak,199
steak,199
steak,199
steak,199
steak,199
steak,199
steak,199
steak,199
steak,199
steak,199
steak,199
steak,199
steak,199
steak,199
steak,199
steak,199
steak,199
steak,199
steak,199
steak,199
steak,199
steak,199
steak,199
steak,199
steak,199
steak,199
steak,199
steak,199
steak,199
steak,199
steak,199
steak,199
steak,199
steak,199
steak,199
steak,199
steak,199
steak,199
steak,199
steak,199
steak,199
steak,199
steak,199
steak,199
steak,199
steak,199
steak,199
steak,199
steak,199
steak,199
steak,199
steak,199
steak,199
steak,199
steak,199
steak,199
steak,199
steak,199
steak,199
steak,199
steak,199
steak,199
steak,199
steak,199
steak,199
steak,199
steak,199
steak,199
steak,199
steak,199
steak,199
steak,199
steak,199
steak,199
steak,199
steak,199
steak,199
steak,199
steak,199
steak,199
steak,199
steak,199
steak,199
steak,199
steak,199
steak,199
steak,199
steak,199
steak,199
steak,199
steak,199
steak,199
steak,199
steak,199
steak,199
steak,199
steak,199
steak,199
steak,199
steak,199
steak,199
steak,199
steak,199
steak,199
steak,199
steak,199
steak,199
steak,199
steak,199
steak,199
steak,199
steak,199
steak,199
steak,199
steak,199
steak,199
steak,199
steak,199
steak,199
steak,199
steak,199
steak,199
steak,199
steak,199
steak,199
steak,199
steak,199
steak,199
steak,199
steak,199
steak,199
steak,199
steak,199
steak,199
steak,199
steak,199
steak,199
steak,199
steak,199
steak,199
steak,199
steak,199
steak,199
steak,199
steak,199
steak,199
steak,199
steak,199
steak,199
steak,199
steak,199
steak,199
steak,199
steak,199
steak,199
steak,199
steak,199
steak,199
steak,199
steak,199
steak,199
steak,199
steak,199
steak,199
steak,199
steak,199
steak,199
steak,199
steak,199
steak,199
steak,199
steak,199
steak,199
steak,199
steak,199
steak,199
steak,199
steak,199
steak,199
steak,199
steak,199
steak,199
steak,199
steak,199
steak,199
steak,199
steak,199
steak,199
steak,199
steak,199
steak,199
steak,199
steak,199
steak,199
steak,199
steak,199
steak,199
steak,199
steak,199
steak,199
steak,199
steak,199
steak,199
steak,199
steak,199
steak,199
steak,199
steak,199
steak,199
steak,199
steak,199
steak,199
steak,199
steak,199
steak,199
steak,199
steak,199
steak,199
steak,199
steak,199
steak,199
steak,199
steak,199
steak,199
steak,199
steak,199
steak,199
steak,199
steak,199
steak,199
steak,199
steak,199
steak,199
steak,199
steak,199
steak,199
steak,199
steak,199
steak,199
steak,199
steak,199
steak,199
steak,199
steak,199
steak,199
steak,199
steak,199
steak,199
steak,199
steak,199
steak,199
steak,199
steak,199
steak,199
steak,199
steak,199
steak,199
steak,199
steak,199
steak,199
steak,199
steak,199
steak,199
steak,199
steak,199
steak,199
steak,199
steak,199
steak,199
steak,199
steak,199
steak,199
steak,199
steak,199
steak,199
steak,199
steak,199
steak,199
steak,199
steak,199
steak,199
steak,199
steak,199
steak,199
steak,199
steak,199
steak,199
steak,199
steak,199
steak,199
steak,199
steak,199
steak,199
steak,199
steak,199
steak,199
steak,199
steak,199
steak,199
steak,199
steak,199
steak,199
steak,199
steak,199
steak,199
steak,199
steak,199
steak,199
steak,199
steak,199
steak,199
steak,199
steak,199
steak,199
steak,199
steak,199
steak,199
steak,199
steak,199
steak,199
steak,199
steak,199
steak,199
steak,199
steak,199
steak,199
steak,199
steak,199
steak,199
steak,199
steak,199
steak,199
steak,199
steak,199
steak,199
steak,199
steak,199
steak,199
steak,199
steak,199
steak,199
steak,199
steak,199
steak,199
steak,199
steak,199
steak,199
steak,199
steak,199
steak,199
steak,199
steak,199
steak,199
steak,199
steak,199
steak,199
steak,199
steak,199
steak,199
steak,199
steak,199
steak,199
steak,199
steak,199
steak,199
steak,199
steak,199
steak,199
steak,199
steak,199
steak,199
steak,199
steak,199
steak,199
steak,199
steak,199
steak,199
steak,199
steak,199
steak,199
steak,199
steak,199
steak,199
steak,199
steak,199
steak,199
steak,199
steak,199
steak,199
steak,199
steak,199
steak,199
steak,199
steak,199
steak,199
steak,199
steak,199
steak,199
steak,199
steak,199
steak,199
steak,199
steak,199
steak,199
steak,199
steak,199
steak,199
steak,199
steak,199
steak,199
steak,199
steak,199
steak,199
steak,199
steak,199
steak,199
steak,199
steak,199
steak,199
steak,199
steak,199
steak,199
steak,199
steak,199
steak,199
steak,199
steak,199
steak,199
steak,199
steak,199
steak,199
steak,199
steak,199
steak,199
steak,199
steak,199
steak,199
steak,199
steak,199
steak,199
steak,199
steak,199
steak,199
steak,199
steak,199
steak,199
steak,199
steak,199
steak,199
steak,199
steak,199
steak,199
steak,199
steak,199
steak,199
steak,199
steak,199
steak,199
steak,199
steak,199
steak,199
steak,199
steak,199
steak,199
steak,199
steak,199
steak,199
steak,199
steak,199
steak,199
steak,199
steak,199
steak,199
steak,199
steak,199
steak,199
steak,199
steak,199
steak,199
steak,199
steak,199
steak,199
steak,199
steak,199
steak,199
steak,199
steak,199
steak,199
steak,199
steak,199
steak,199
steak,199
steak,199
steak,199
steak,199
steak,199
steak,199
steak,199
steak,199
steak,199
steak,199
steak,199
steak,199
steak,199
steak,199
steak,199
steak,199
steak,199
steak,199
steak,199
steak,199
steak,199
steak,199
steak,199
steak,199
steak,199
steak,199
steak,199
steak,199
steak,199
steak,199
steak,199
steak,199
steak,199
steak,199
steak,199
steak,199
steak,199
steak,199
steak,199
steak,199
steak,199
steak,199
steak,199
steak,199
steak,199
steak,199
steak,199
steak,199
steak,199
steak,199
steak,199
steak,199
steak,199
steak,199
steak,199
steak,199
steak,199
steak,199
steak,199
steak,199
steak,199
steak,199
steak,199
steak,199
steak,199
steak,199
steak,199
steak,199
steak,199
steak,199
steak,199
steak,199
steak,199
steak,199
steak,199
steak,199
steak,199
steak,199
steak,199
steak,199
steak,199
steak,199
steak,199
steak,199
steak,199
steak,199
steak,199
steak,199
steak,199
steak,199
steak,199
steak,199
steak,199
steak,199
steak,199
steak,199
steak,199
steak,199
steak,199
steak,199
steak,199
steak,199
steak,199
steak,199
steak,199
steak,199
steak,199
steak,199
steak,199
steak,199
steak,199
steak,199
steak,199
steak,199
steak,199
steak,199
steak,199
steak,199
steak,199
steak,199
steak,199
steak,199
steak,199
steak,199
steak,199
steak,199
steak,199
steak,199
steak,199
steak,199
steak,199
steak,199
steak,199
steak,199
steak,199
steak,199
steak,199
steak,199
steak,199
steak,199
steak,199
steak,199
steak,199
steak,199
steak,199
steak,199
steak,199
steak,199
steak,199
steak,199
steak,199
steak,199
steak,199
steak,199
steak,199
steak,199
steak,199
steak,199
steak,199
steak,199
steak,199
steak,199
steak,199
steak,199
steak,199
steak,199
steak,199
steak,199
steak,199
steak,199
steak,199
steak,199
steak,199
steak,199
steak,199
steak,199
steak,199
steak,199
steak,199
steak,199
steak,199
steak,199
steak,199
steak,199
steak,199
steak,199
steak,199
steak,199
steak,199
steak,199
steak,199
steak,199
steak,199
steak,199
steak,199
steak,199
steak,199
steak,199
steak,199
steak,199
steak,199
steak,199
steak,199
steak,199
steak,199
steak,199
steak,199
steak,199
steak,199
steak,199
steak,199
steak,199
steak,199
steak,199
steak,199
steak,199
steak,199
steak,199
steak,199
steak,199
steak,199
steak,199
steak,199
steak,199
steak,199
steak,199
steak,199
steak,199
steak,199
steak,199
steak,199
steak,199
steak,199
steak,199
steak,199
steak,199
steak,199
steak,199
steak,199
steak,199
steak,199
steak,199
steak,199
steak,199
steak,199
steak,199
steak,199
steak,199
steak,199
steak,199
steak,199
steak,199
steak,199
steak,199
steak,199
steak,199
steak,199
steak,199
steak,199
steak,199
steak,199
steak,199
steak,199
steak,199
steak,199
steak,199
steak,199
steak,199
steak,199
steak,199
steak,199
steak,199
steak,199
steak,199
steak,199
steak,199
steak,199
steak,199
steak,199
steak,199
steak,199
steak,199
steak,199
steak,199
steak,199
steak,199
steak,199
steak,199
steak,199
steak,199
steak,199
steak,199
steak,199
steak,199
steak,199
steak,199
steak,199
steak,199
steak,199
steak,199
steak,199
steak,199
steak,199
steak,199
steak,199
steak,199
steak,199
steak,199
steak,199
steak,199
steak,199
steak,199
steak,199
steak,199
steak,199
steak,199
steak,199
steak,199
steak,199
steak,199
steak,199
steak,199
steak,199
steak,199
steak,199
steak,199
steak,199
steak,199
steak,199
steak,199
steak,199
steak,199
steak,199
steak,199
steak,199
steak,199
steak,199
steak,199
steak,199
steak,199
steak,199
steak,199
steak,199
steak,199
steak,199
steak,199
steak,199
steak,199
steak,199
steak,199
steak,199
steak,199
steak,199
steak,199
steak,199
steak,199
steak,199
steak,199
steak,199
steak,199
steak,199
steak,199
steak,199
steak,199
steak,199
steak,199
steak,199
steak,199
steak,199
steak,199
steak,199
steak,199
steak,199
steak,199
steak,199
steak,199
steak,199
steak,199
steak,199
steak,199
steak,199
steak,199
steak,199
steak,199
steak,199
steak,199
steak,199
steak,199
steak,199
steak,199
steak,199
steak,199
steak,199
steak,199
steak,199
steak,199
steak,199
steak,199
steak,199
steak,199
steak,199
steak,199
steak,199
steak,199
steak,199
steak,199
steak,199
steak,199
steak,199
steak,199
steak,199
steak,199
steak,199
steak,199
steak,199
steak,199
steak,199
steak,199
steak,199
steak,199
steak,199
steak,199
steak,199
steak,199
steak,199
steak,199
steak,199
steak,199
steak,199
steak,199
steak,199
steak,199
steak,199
steak,199
steak,199
steak,199
steak,199
steak,199
steak,199
steak,199
steak,199
steak,199
steak,199
steak,199
steak,199
steak,199
steak,199
steak,199
steak,199
steak,199
steak,199
steak,199
steak,199
steak,199
steak,199
steak,199
steak,199
steak,199
steak,199
steak,199
steak,199
steak,199
steak,199
steak,199
steak,199
steak,199
steak,199
steak,199
steak,199
steak,199
steak,199
steak,199
steak,199
steak,199
steak,199
steak,199
steak,199
steak,199
steak,199
steak,199
steak,199
steak,199
steak,199
steak,199
steak,199
steak,199
steak,199
steak,199
steak,199
steak,199
steak,199
steak,199
steak,199
steak,199
steak,199
steak,199
steak,199
steak,199
steak,199
steak,199
steak,199
steak,199
steak,199
steak,199
steak,199
steak,199
steak,199
steak,199
steak,199
steak,199
steak,199
steak,199
steak,199
steak,199
steak,199
steak,199
steak,199
steak,199
steak,199
steak,199
steak,199
steak,199
steak,199
steak,199
steak,199
steak,199
steak,199
steak,199
steak,199
steak,199
steak,199
steak,199
steak,199
steak,199
steak,199
steak,199
steak,199
steak,199
steak,199
steak,199
steak,199
steak,199
steak,199
steak,199
steak,199
steak,199
steak,199
steak,199
steak,199
steak,199
steak,199
steak,199
steak,199
steak,199
steak,199
steak,199
steak,199
steak,199
steak,199
steak,199
steak,199
steak,199
steak,199
steak,199
steak,199
steak,199
steak,199
steak,199
steak,199
steak,199
steak,199
steak,199
steak,199
steak,199
steak,199
steak,199
steak,199
steak,199
steak,199
steak,199
steak,199
steak,199
steak,199
steak,199
steak,199
steak,199
steak,199
steak,199
steak,199
steak,199
steak,199
steak,199
steak,199
steak,199
steak,199
steak,199
steak,199
steak,199
steak,199
steak,199
steak,199
steak,199
steak,199
steak,199
steak,199
steak,199
steak,199
steak,199
steak,199
steak,199
steak,199
steak,199
steak,199
steak,199
steak,199
steak,199
steak,199
steak,199
steak,199
steak,199
steak,199
steak,199
steak,199
steak,199
steak,199
steak,199
steak,199
steak,199
steak,199
steak,199
steak,199
steak,199
steak,199
steak,199
steak,199
steak,199
steak,199
steak,199
steak,199
steak,199
steak,199
steak,199
steak,199
steak,199
steak,199
steak,199
steak,199
steak,199
steak,199
steak,199
steak,199
steak,199
steak,199
steak,199
steak,199
steak,199
steak,199
steak,199
steak,199
steak,199
steak,199
steak,199
steak,199
steak,199
steak,199
steak,199
steak,199
steak,199
steak,199
steak,199
steak,199
steak,199
steak,199
steak,199
steak,199
steak,199
steak,199
steak,199
steak,199
steak,199
steak,199
steak,199
steak,199
steak,199
steak,199
steak,199
steak,199
steak,199
steak,199
steak,199
steak,199
steak,199
steak,199
steak,199
steak,199
steak,199
steak,199
steak,199
steak,199
steak,199
steak,199
steak,199
steak,199
steak,199
steak,199
steak,199
steak,199
steak,199
steak,199
steak,199
steak,199
steak,199
steak,199
steak,199
steak,199
steak,199
steak,199
steak,199
steak,199
steak,199
steak,199
steak,199
steak,199
steak,199
steak,199
steak,199
steak,199
steak,199
steak,199
steak,199
steak,199
steak,199
steak,199
steak,199
steak,199
steak,199
steak,199
steak,199
steak,199
steak,199
steak,199
steak,199
steak,199
steak,199
steak,199
steak,199
steak,199
steak,199
steak,199
steak,199
steak,199
steak,199
steak,199
steak,199
steak,199
steak,199
steak,199
steak,199
steak,199
steak,199
steak,199
steak,199
steak,199
steak,199
steak,199
steak,199
steak,199
steak,199
steak,199
steak,199
steak,199
steak,199
steak,199
steak,199
steak,199
steak,199
steak,199
steak,199
steak,199
steak,199
steak,199
steak,199
steak,199
steak,199
steak,199
steak,199
steak,199
steak,199
steak,199
steak,199
steak,199
steak,199
steak,199
steak,199
steak,199
steak,199
steak,199
steak,199
steak,199
steak,199
steak,199
steak,199
steak,199
steak,199
steak,199
steak,199
steak,199
steak,199
steak,199
steak,199
steak,199
steak,199
steak,199
steak,199
steak,199
steak,199
steak,199
steak,199
steak,199
steak,199
steak,199
steak,199
steak,199
steak,199
steak,199
steak,199
steak,199
steak,199
steak,199
steak,199
steak,199
steak,199
steak,199
steak,199
steak,199
steak,199
steak,199
steak,199
steak,199
steak,199
steak,199
steak,199
steak,199
steak,199
steak,199
steak,199
steak,199
steak,199
steak,199
steak,199
steak,199
steak,199
steak,199
steak,199
steak,199
steak,199
steak,199
steak,199
steak,199
steak,199
steak,199
steak,199
steak,199
steak,199
steak,199
steak,199
steak,199
steak,199
steak,199
steak,199
steak,199
steak,199
steak,199
steak,199
steak,199
steak,199
steak,199
steak,199
steak,199
steak,199
steak,199
steak,199
steak,199
steak,199
steak,199
steak,199
steak,199
steak,199
steak,199
steak,199
steak,199
steak,199
steak,199
steak,199
steak,199
steak,199
steak,199
steak,199
steak,199
steak,199
steak,199
steak,199
steak,199
steak,199
steak,199
steak,199
steak,199
steak,199
steak,199
steak,199
steak,199
steak,199
steak,199
steak,199
steak,199
steak,199
steak,199
steak,199
steak,199
steak,199
steak,199
steak,199
steak,199
steak,199
steak,199
steak,199
steak,199
steak,199
steak,199
steak,199
steak,199
steak,199
steak,199
steak,199
steak,199
steak,199
steak,199
steak,199
steak,199
steak,199
steak,199
steak,199
steak,199
steak,199
steak,199
steak,199
steak,199
steak,199
steak,199
steak,199
steak,199
steak,199
steak,199
steak,199
steak,199
steak,199
steak,199
steak,199
steak,199
steak,199
steak,199
steak,199
steak,199
steak,199
steak,199
steak,199
steak,199
steak,199
steak,199
steak,199
steak,199
steak,199
steak,199
steak,199
steak,199
steak,199
steak,199
steak,199
steak,199
steak,199
steak,199
steak,199
steak,199
steak,199
steak,199
steak,199
steak,199
steak,199
steak,199
steak,199
steak,199
steak,199
steak,199
steak,199
steak,199
steak,199
steak,199
steak,199
steak,199
steak,199
steak,199
steak,199
steak,199
steak,199
steak,199
steak,199
steak,199
steak,199
steak,199
steak,199
steak,199
steak,199
steak,199
steak,199
steak,199
steak,199
steak,199
steak,199
steak,199
steak,199
steak,199
steak,199
steak,199
steak,199
steak,199
steak,199
steak,199
steak,199
steak,199
steak,199
steak,199
steak,199
steak,199
steak,199
steak,199
steak,199
steak,199
steak,199
steak,199
steak,199
steak,199
steak,199
steak,199
steak,199
steak,199
steak,199
steak,199
steak,199
steak,199
steak,199
steak,199
steak,199
steak,199
steak,199
steak,199
steak,199
steak,199
steak,199
steak,199
steak,199
steak,199
steak,199
steak,199
steak,199
steak,199
steak,199
steak,199
steak,199
steak,199
steak,199
steak,199
steak,199
steak,199
steak,199
steak,199
steak,199
steak,199
steak,199
steak,199
steak,199
steak,199
steak,199
steak,199
steak,199
steak,199
steak,199
steak,199
steak,199
steak,199
steak,199
steak,199
steak,199
steak,199
steak,199
steak,199
steak,199
steak,199
steak,199
steak,199
steak,199
steak,199
steak,199
steak,199
steak,199
steak,199
steak,199
steak,199
steak,199
steak,199
steak,199
steak,199
steak,199
steak,199
steak,199
steak,199
steak,199
steak,199
steak,199
steak,199
steak,199
steak,199
steak,199
steak,199
steak,199
steak,199
steak,199
steak,199
steak,199
steak,199
steak,199
steak,199
steak,199
steak,199
steak,199
steak,199
steak,199
steak,199
steak,199
steak,199
steak,199
steak,199
steak,199
steak,199
steak,199
steak,199
steak,199
steak,199
steak,199
steak,199
steak,199
steak,199
steak,199
steak,199
steak,199
steak,199
steak,199
steak,199
steak,199
steak,199
steak,199
steak,199
steak,199
steak,199
steak,199
steak,199
steak,199
steak,199
steak,199
steak,199
steak,199
steak,199
steak,199
steak,199
steak,199
steak,199
steak,199
steak,199
steak,199
steak,199
steak,199
steak,199
steak,199
steak,199
steak,199
steak,199
steak,199
steak,199
steak,199
steak,199
steak,199
steak,199
steak,199
steak,199
steak,199
steak,199
steak,199
steak,199
steak,199
steak,199
steak,199
steak,199
steak,199
steak,199
steak,199
steak,199
steak,199
steak,199
steak,199
steak,199
steak,199
steak,199
steak,199
steak,199
steak,199
steak,199
steak,199
steak,199
steak,199
steak,199
steak,199
steak,199
steak,199
steak,199
steak,199
steak,199
steak,199
steak,199
steak,199
steak,199
steak,199
steak,199
steak,199
steak,199
steak,199
steak,199
steak,199
steak,199
steak,199
steak,199
steak,199
steak,199
steak,199
steak,199
steak,199
steak,199
steak,199
steak,199
steak,199
steak,199
steak,199
steak,199
steak,199
steak,199
steak,199
steak,199
steak,199
steak,199
steak,199
steak,199
steak,199
steak,199
steak,199
steak,199
steak,199
steak,199
steak,199
steak,199
steak,199
steak,199
steak,199
steak,199
steak,199
steak,199
steak,199
steak,199
steak,199
steak,199
steak,199
steak,199
steak,199
steak,199
steak,199
steak,199
steak,199
steak,199
steak,199
steak,199
steak,199
steak,199
steak,199
steak,199
steak,199
steak,199
steak,199
steak,199
steak,199
steak,199
steak,199
steak,199
steak,199
steak,199
steak,199
steak,199
steak,199
steak,199
steak,199
steak,199
steak,199
steak,199
steak,199
steak,199
steak,199
steak,199
steak,199
steak,199
steak,199
steak,199
steak,199
steak,199
steak,199
steak,199
steak,199
steak,199
steak,199
steak,199
steak,199
steak,199
steak,199
steak,199
steak,199
steak,199
steak,199
steak,199
steak,199
steak,199
steak,199
steak,199
steak,199
steak,199
steak,199
steak,199
steak,199
steak,199
steak,199
steak,199
steak,199
steak,199
steak,199
steak,199
steak,199
steak,199
steak,199
steak,199
steak,199
steak,199
steak,199
steak,199
steak,199
steak,199
steak,199
steak,199
steak,199
steak,199
steak,199
steak,199
steak,199
